"_id","categoryname","domain","item","nexturl","page","pageType","url"
"5ccc63e69be2ab20a313ece4","Nintendo Gaming","ao.com",12,"https://ao.com/l/gaming-nintendo/1-6/107-290/?page=12&sort=-top5productaward,-numbersold,aol_saleincvat&pagesize=12",11,"search","https://ao.com/l/gaming-nintendo--or--nintendo_games/1-6/107-290/"
"5ccc63e69be2ab20a313ece5","TVs that have 75"" or more inch screen sizes","ao.com",9,,0,"search","https://ao.com/l/tvs-75_inches_and_above/1-91/107-108/"
"5ccc63e69be2ab20a313ece6","TVs that have 65"" - 71"" inch screen sizes","ao.com",12,"https://ao.com/l/tvs-65_inches_to_71_inches/1-91/107-108/?page=12&sort=-top5productaward,-numbersold,aol_saleincvat&pagesize=12",3,"search","https://ao.com/l/tvs-65_inches_to_71_inches/1-91/107-108/"
"5ccc63e69be2ab20a313ece7","TVs that have 55"" - 60"" inch screen sizes","ao.com",12,"https://ao.com/l/tvs-55_inches_to_60_inches/1-91/107-108/?page=12&sort=-top5productaward,-numbersold,aol_saleincvat&pagesize=12",3,"search","https://ao.com/l/tvs-55_inches_to_60_inches/1-91/107-108/"
"5ccc63e69be2ab20a313ece8","TVs that have 43"" - 55"" inch screen sizes","ao.com",12,"https://ao.com/l/tvs-43_inches_to_55_inches/1-91/107-108/?page=12&sort=-top5productaward,-numbersold,aol_saleincvat&pagesize=12",5,"search","https://ao.com/l/tvs-43_inches_to_55_inches/1-91/107-108/"
"5ccc63e69be2ab20a313ece9","TVs that have 32"" - 43"" inch screen sizes","ao.com",13,"https://ao.com/l/tvs-32_inches_to_43_inches/1-91/107-108/?page=12&sort=-top5productaward,-numbersold,aol_saleincvat&pagesize=12",2,"search","https://ao.com/l/tvs-32_inches_to_43_inches/1-91/107-108/"
"5ccc63e69be2ab20a313ecea","TVs that have less than 32"" inch screen sizes","ao.com",7,,0,"search","https://ao.com/l/tvs-up_to_32_inches/1-91/107-108/"
"5ccc63e69be2ab20a313eceb","TVs with 4K Ultra HD technology","ao.com",12,"https://ao.com/l/tvs-3497/1-20/107-108/?page=12&sort=-top5productaward,-numbersold,aol_saleincvat&pagesize=12",8,"search","https://ao.com/l/tvs-3497/1-20/107-108/"
"5ccc63e69be2ab20a313ecec","TVs with Smart TV technology","ao.com",12,"https://ao.com/l/tvs-2086/1-20/107-108/?page=12&sort=-top5productaward,-numbersold,aol_saleincvat&pagesize=12",12,"search","https://ao.com/l/tvs-2086/1-20/107-108/"
"5ccc63e69be2ab20a313eced","TVs QLED","ao.com",5,,0,"search","https://ao.com/l/tvs-qled_screen/1-58/107-108/"
"5ccc63e69be2ab20a313ecee","TVs OLED","ao.com",7,,0,"search","https://ao.com/l/tvs-oled_screen/1-58/107-108/"
"5ccc63e69be2ab20a313ecef","TVs","ao.com",12,"https://ao.com/l/tvs/1/107-108/?page=12&sort=-top5productaward,-numbersold,aol_saleincvat&pagesize=12",12,"search","https://ao.com/l/tvs/1/107-108/"
"5ccc63e69be2ab20a313ecf0","Gaming","ao.com",12,"https://ao.com/l/gaming/1/107-290/?page=12&sort=-top5productaward,-numbersold,aol_saleincvat&pagesize=12",42,"search","https://ao.com/l/gaming/1/107-290/"
"5ccc63e69be2ab20a313ecf1","Get a great deal on Sony PlayStation Games","ao.com",12,"https://ao.com/l/games-sony_playstation/1-6/107-290-293/?page=12&sort=-top5productaward,-numbersold,aol_saleincvat&pagesize=12",9,"search","https://ao.com/l/games-sony_playstation/1-6/107-290-293/"
"5ccc63e69be2ab20a313ecf2","Get a great deal on Xbox One Games","ao.com",13,"https://ao.com/l/games-xbox_one/1-6/107-290-293/?page=12&sort=-top5productaward,-numbersold,aol_saleincvat&pagesize=12",6,"search","https://ao.com/l/games-xbox_one/1-6/107-290-293"
"5ccc63e69be2ab20a313ecf3","Get a great deal on Nintendo Games","ao.com",13,"https://ao.com/l/games-nintendo/1-6/107-290-293/?page=12&sort=-top5productaward,-numbersold,aol_saleincvat&pagesize=12",7,"search","https://ao.com/l/games-nintendo/1-6/107-290-293/"
"5ccc63e69be2ab20a313ecf4","Pre-Order Games","ao.com",12,,0,"search","https://ao.com/l/games-8532/1-20/107-290-293/"
"5ccc63e69be2ab20a313ecf5","Sony PlayStation Gaming with PSVR","ao.com",12,"https://ao.com/l/gaming-sony_playstation-8177/1-6-20/107-290/?page=12&sort=-top5productaward,-numbersold,aol_saleincvat&pagesize=12",2,"search","https://ao.com/l/gaming-sony_playstation-8177/1-6-20/107-290/"
"5ccc63e69be2ab20a313ecf6","Gaming Accessories - the best deals on the latest Gaming Controller","ao.com",13,"https://ao.com/l/gaming_accessories-gaming_controller/1-222/107-290-292/?page=12&sort=-top5productaward,-numbersold,aol_saleincvat&pagesize=12",4,"search","https://ao.com/l/gaming_accessories-gaming_controller/1-222/107-290-292/"
"5ccc63e69be2ab20a313ecf7","Gaming Accessories - the best deals on the latest Gaming Headset","ao.com",12,"https://ao.com/l/gaming_accessories-gaming_headset/1-222/107-290-292/?page=12&sort=-top5productaward,-numbersold,aol_saleincvat&pagesize=12",5,"search","https://ao.com/l/gaming_accessories-gaming_headset/1-222/107-290-292/"
"5ccc63e69be2ab20a313ecf8","Gaming Accessories - the best deals on the latest Gaming Chair","ao.com",12,"https://ao.com/l/gaming_accessories-gaming_chair/1-222/107-290-292/?page=12&sort=-top5productaward,-numbersold,aol_saleincvat&pagesize=12",3,"search","https://ao.com/l/gaming_accessories-gaming_chair/1-222/107-290-292/"
"5ccc63e69be2ab20a313ecf9","Gaming Accessories - the best deals on the latest Gaming Subscriptions","ao.com",2,,0,"search","https://ao.com/l/gaming_accessories-gaming_subscriptions/1-222/107-290-292/"
"5ccc63e69be2ab20a313ecfa","Soundbars","ao.com",12,"https://ao.com/l/soundbars/1/107-109-111/?page=12&sort=-top5productaward,-numbersold,aol_saleincvat&pagesize=12",3,"search","https://ao.com/l/soundbars/1/107-109-111/"
"5ccc63e69be2ab20a313ecfb","Home Cinema Systems","ao.com",6,,0,"search","https://ao.com/l/home_cinema_systems/1/107-109-110/"
"5ccc63e69be2ab20a313ecfc","Soundbases","ao.com",1,,0,"search","https://ao.com/l/soundbases/1/107-109-112/"
"5ccc63e69be2ab20a313ecfd","Blu-Ray Players","ao.com",13,"https://ao.com/l/blu_ray_players/1/107-113-114/?page=12&sort=-top5productaward,-numbersold,aol_saleincvat&pagesize=12",2,"search","https://ao.com/l/blu_ray_players/1/107-113-114/"
"5ccc63e69be2ab20a313ecfe","DVD Players","ao.com",4,,0,"search","https://ao.com/l/dvd_players/1/107-113-115/"
"5ccc63e69be2ab20a313ecff","Smart TV Boxes","ao.com",7,,0,"search","https://ao.com/l/smart_tv_boxes/1/107-113-118/"
"5ccc63e69be2ab20a313ed00","Digital Set Top Boxes","ao.com",4,,0,"search","https://ao.com/l/digital_set_top_boxes/1/107-113-116/"
"5ccc63e69be2ab20a313ed01","TV Wall brackets","ao.com",12,"https://ao.com/l/tv_wall_brackets/1/107-119-120/?page=12&sort=-top5productaward,-numbersold,aol_saleincvat&pagesize=12",3,"search","https://ao.com/l/tv_wall_brackets/1/107-119-120/"
"5ccc63e69be2ab20a313ed03","Wireless Speakers with Bluetooth","ao.com",12,"https://ao.com/l/wireless_speakers-2172/1-20/107-164-165-166/?page=12&sort=-top5productaward,-numbersold,aol_saleincvat&pagesize=12",9,"search","https://ao.com/l/wireless_speakers-2172/1-20/107-164-165-166/"
"5ccc63e69be2ab20a313ed04","Party Speakers","ao.com",11,,0,"search","https://ao.com/l/party_speakers/1/107-164-170-172/"
"5ccc63e69be2ab20a313ed06","Wireless Speakers","ao.com",12,"https://ao.com/l/wireless_speakers/1/107-164-165-166/?page=12&sort=-top5productaward,-numbersold,aol_saleincvat&pagesize=12",10,"search","https://ao.com/l/wireless_speakers/1/107-164-165-166/"
"5ccc63e69be2ab20a313ed07","Hi-Fi Systems","ao.com",12,"https://ao.com/l/hi_fi_systems/1/107-164-170/?page=12&sort=-top5productaward,-numbersold,aol_saleincvat&pagesize=12",4,"search","https://ao.com/l/hi_fi_systems/1/107-164-170/"
"5ccc63e69be2ab20a313ed08","Digital Radios","ao.com",12,"https://ao.com/l/digital_radios/1/107-164-168/?page=12&sort=-top5productaward,-numbersold,aol_saleincvat&pagesize=12",7,"search","https://ao.com/l/digital_radios/1/107-164-168/"
"5ccc63e69be2ab20a313ed09","iPods","ao.com",10,,0,"search","https://ao.com/l/ipods/1/107-164-173-174/"
"5ccc63e69be2ab20a313ed0a","MP3 Players","ao.com",10,,0,"search","https://ao.com/l/mp3_players/1/107-164-173-176/"
"5ccc63e69be2ab20a313ed0b","Hi-Fi Systems with Turntable","ao.com",4,,0,"search","https://ao.com/l/hi_fi_systems-5972/1-20/107-164-170/"
"5ccc63e69be2ab20a313ed0c","Headphones","ao.com",12,"https://ao.com/l/headphones/1/107-164-178/?page=12&sort=-top5productaward,-numbersold,aol_saleincvat&pagesize=12",14,"search","https://ao.com/l/headphones/1/107-164-178/"
"5ccc63e69be2ab20a313ed0e","Headphones Noise-cancelling (Active)","ao.com",12,"https://ao.com/l/headphones-4011/1-20/107-164-178/?page=12&sort=-top5productaward,-numbersold,aol_saleincvat&pagesize=12",2,"search","https://ao.com/l/headphones-4011/1-20/107-164-178/"
"5ccc63e69be2ab20a313ed0f","Headphones In-Ear","ao.com",13,"https://ao.com/l/headphones-4975/1-20/107-164-178/?page=12&sort=-top5productaward,-numbersold,aol_saleincvat&pagesize=12",2,"search","https://ao.com/l/headphones-4975/1-20/107-164-178/"
"5ccc63e69be2ab20a313ed10","Headphones On-Ear","ao.com",9,,0,"search","https://ao.com/l/headphones-4977/1-20/107-164-178/"
"5ccc63e69be2ab20a313ed12","Headphones Sports Headphones","ao.com",12,"https://ao.com/l/headphones-4655/1-20/107-164-178/?page=12&sort=-top5productaward,-numbersold,aol_saleincvat&pagesize=12",3,"search","https://ao.com/l/headphones-4655/1-20/107-164-178/"
"5ccc63e69be2ab20a313ed1e","Apple Laptops","ao.com",12,"https://ao.com/l/laptops-apple/1-6/250-251/?page=12&sort=-top5productaward,-numbersold,aol_saleincvat&pagesize=12",3,"search","https://ao.com/l/laptops-apple/1-6/250-251/"
"5ccc63e69be2ab20a313ed1f","Lenovo Laptops","ao.com",12,"https://ao.com/l/laptops-lenovo/1-6/250-251/?page=12&sort=-top5productaward,-numbersold,aol_saleincvat&pagesize=12",0,"search","https://ao.com/l/laptops-lenovo/1-6/250-251/"
"5ccc63e69be2ab20a313ed20","HP Laptops","ao.com",12,"https://ao.com/l/laptops-hp/1-6/250-251/?page=12&sort=-top5productaward,-numbersold,aol_saleincvat&pagesize=12",0,"search","https://ao.com/l/laptops-hp/1-6/250-251/"
"5ccc63e69be2ab20a313ed21","Acer Laptops","ao.com",13,"https://ao.com/l/laptops-acer/1-6/250-251/?page=12&sort=-top5productaward,-numbersold,aol_saleincvat&pagesize=12",5,"search","https://ao.com/l/laptops-acer/1-6/250-251/"
"5ccc63e69be2ab20a313ed22","Asus Laptops","ao.com",12,"https://ao.com/l/laptops-asus/1-6/250-251/?page=12&sort=-top5productaward,-numbersold,aol_saleincvat&pagesize=12",5,"search","https://ao.com/l/laptops-asus/1-6/250-251/"
"5ccc63e69be2ab20a313ed24","Desktops","ao.com",12,"https://ao.com/l/desktops-gaming_tower/1-166/250-253/?page=12&sort=-top5productaward,-numbersold,aol_saleincvat&pagesize=12",3,"search","https://ao.com/l/desktops-gaming_tower/1-166/250-253/"
"5ccc63e69be2ab20a313ed25","Monitors","ao.com",13,"https://ao.com/l/monitors-5139/1-211/250-257-258/?page=12&sort=-top5productaward,-numbersold,aol_saleincvat&pagesize=12",4,"search","https://ao.com/l/monitors-5139/1-211/250-257-258/"
"5ccc63e69be2ab20a313ed27","3XS Desktops","ao.com",12,"https://ao.com/l/desktops-3xs-5139/1-6-212/250-253/?page=12&sort=-top5productaward,-numbersold,aol_saleincvat&pagesize=12",0,"search","https://ao.com/l/desktops-3xs-5139/1-6-212/250-253/"
"5ccc63e69be2ab20a313ed29","Gaming MSI Laptops","ao.com",12,"https://ao.com/l/laptops-msi-gaming/1-6-150/250-251/?page=12&sort=-top5productaward,-numbersold,aol_saleincvat&pagesize=12",0,"search","https://ao.com/l/laptops-msi-gaming/1-6-150/250-251/"
"5ccc63e69be2ab20a313ed2a","Gaming HP Laptops","ao.com",6,,0,"search","https://ao.com/l/laptops-hp-gaming/1-6-150/250-251/"
"5ccc63e69be2ab20a313ed2b","Windows 10 Desktops","ao.com",13,"https://ao.com/l/desktops-windows_10/1-151/250-253/?page=12&sort=-top5productaward,-numbersold,aol_saleincvat&pagesize=12",5,"search","https://ao.com/l/desktops-windows_10/1-151/250-253/"
"5ccc63e69be2ab20a313ed2c","Apple Desktops","ao.com",12,"https://ao.com/l/desktops-apple/1-6/250-253/?page=12&sort=-top5productaward,-numbersold,aol_saleincvat&pagesize=12",0,"search","https://ao.com/l/desktops-apple/1-6/250-253/"
"5ccc63e69be2ab20a313ed2d","Desktops","ao.com",12,"https://ao.com/l/desktops-all_in_one/1-166/250-253/?page=12&sort=-top5productaward,-numbersold,aol_saleincvat&pagesize=12",0,"search","https://ao.com/l/desktops-all_in_one/1-166/250-253/"
"5ccc63e69be2ab20a313ed2f","Lenovo Desktops","ao.com",7,,0,"search","https://ao.com/l/desktops-lenovo/1-6/250-253/"
"5ccc63e69be2ab20a313ed30","HP Desktops","ao.com",12,"https://ao.com/l/desktops-hp/1-6/250-253/?page=12&sort=-top5productaward,-numbersold,aol_saleincvat&pagesize=12",0,"search","https://ao.com/l/desktops-hp/1-6/250-253/"
"5ccc63e69be2ab20a313ed31","Acer Desktops","ao.com",12,"https://ao.com/l/desktops-acer/1-6/250-253/?page=12&sort=-top5productaward,-numbersold,aol_saleincvat&pagesize=12",0,"search","https://ao.com/l/desktops-acer/1-6/250-253/"
"5ccc63e69be2ab20a313ed32","Apple Tablets","ao.com",12,"https://ao.com/l/tablets-apple/1-6/250-252/?page=12&sort=-top5productaward,-numbersold,aol_saleincvat&pagesize=12",0,"search","https://ao.com/l/tablets-apple/1-6/250-252/"
"5ccc63e69be2ab20a313ed33","Samsung Tablets","ao.com",12,"https://ao.com/l/tablets-samsung/1-6/250-252/?page=12&sort=-top5productaward,-numbersold,aol_saleincvat&pagesize=12",6,"search","https://ao.com/l/tablets-samsung/1-6/250-252/"
"5ccc63e69be2ab20a313ed34","Tablets Android type","ao.com",12,"https://ao.com/l/tablets-android/1-163/250-252/?page=12&sort=-top5productaward,-numbersold,aol_saleincvat&pagesize=12",4,"search","https://ao.com/l/tablets-android/1-163/250-252/"
"5ccc63e69be2ab20a313ed35","Laptops","ao.com",12,"https://ao.com/l/laptops-5111/1-212/250-251/?page=12&sort=-top5productaward,-numbersold,aol_saleincvat&pagesize=12",4,"search","https://ao.com/l/laptops-5111/1-212/250-251/"
"5ccc63e69be2ab20a313ed37","Pens","ao.com",12,"https://ao.com/l/pens/1/250-261-263-266/?page=12&sort=-top5productaward,-numbersold,aol_saleincvat&pagesize=12",0,"search","https://ao.com/l/pens/1/250-261-263-266/"
"5ccc63e69be2ab20a313ed38","Lenovo Tablets","ao.com",5,,0,"search","https://ao.com/l/tablets-lenovo/1-6/250-252/"
"5ccc63e69be2ab20a313ed39","Huawei Tablets","ao.com",5,,0,"search","https://ao.com/l/tablets-huawei/1-6/250-252/"
"5ccc63e69be2ab20a313ed3b","Software","ao.com",12,"https://ao.com/l/software/1/250-260/?page=12&sort=-top5productaward,-numbersold,aol_saleincvat&pagesize=12",0,"search","https://ao.com/l/software/1/250-260/"
"5ccc63e69be2ab20a313ed3c","Antivirus Software","ao.com",11,,0,"search","https://ao.com/l/software-with_antivirus--or--internet_security--or--total_protection/1-180/250-260/"
"5ccc63e69be2ab20a313ed3e","Norton Antivirus Software","ao.com",3,,0,"search","https://ao.com/l/software-norton-with_antivirus/1-6-180/250-260/"
"5ccc63e69be2ab20a313ed3f","Printers & Ink","ao.com",12,"https://ao.com/l/printers_and_ink/1/250-254/?page=12&sort=-top5productaward,-numbersold,aol_saleincvat&pagesize=12",14,"search","https://ao.com/l/printers_&_ink/1/250-254/"
"5ccc63e69be2ab20a313ed40","Printers","ao.com",12,"https://ao.com/l/printers/1/250-254-255/?page=12&sort=-top5productaward,-numbersold,aol_saleincvat&pagesize=12",6,"search","https://ao.com/l/printers/1/250-254-255/"
"5ccc63e69be2ab20a313ed41","Printer Ink","ao.com",12,"https://ao.com/l/printer_ink/1/250-254-256/?page=12&sort=-top5productaward,-numbersold,aol_saleincvat&pagesize=12",8,"search","https://ao.com/l/printer_ink/1/250-254-256/"
"5ccc63e69be2ab20a313ed42","HP Printers & Ink","ao.com",12,"https://ao.com/l/printers_and_ink-hp/1-6/250-254/?page=12&sort=-top5productaward,-numbersold,aol_saleincvat&pagesize=12",3,"search","https://ao.com/l/printers_and_ink-hp/1-6/250-254/"
"5ccc63e69be2ab20a313ed43","Epson Printers & Ink","ao.com",12,"https://ao.com/l/printers_and_ink-epson/1-6/250-254/?page=12&sort=-top5productaward,-numbersold,aol_saleincvat&pagesize=12",6,"search","https://ao.com/l/printers_and_ink-epson/1-6/250-254/"
"5ccc63e69be2ab20a313ed44","Canon Printers & Ink","ao.com",12,"https://ao.com/l/printers_and_ink-canon/1-6/250-254/?page=12&sort=-top5productaward,-numbersold,aol_saleincvat&pagesize=12",0,"search","https://ao.com/l/printers_and_ink-canon/1-6/250-254/"
"5ccc63e69be2ab20a313ed45","Brother Printers & Ink","ao.com",12,"https://ao.com/l/printers_and_ink-brother/1-6/250-254/?page=12&sort=-top5productaward,-numbersold,aol_saleincvat&pagesize=12",0,"search","https://ao.com/l/printers_and_ink-brother/1-6/250-254/"
"5ccc63e69be2ab20a313ed46","Bags & Cases","ao.com",13,"https://ao.com/l/bags_and_cases/1/250-261-262/?page=12&sort=-top5productaward,-numbersold,aol_saleincvat&pagesize=12",9,"search","https://ao.com/l/bags_&_cases/1/250-261-262/"
"5ccc63e69be2ab20a313ed47","Cables & Adapters","ao.com",12,"https://ao.com/l/cables_and_adapters/1/250-261-267/?page=12&sort=-top5productaward,-numbersold,aol_saleincvat&pagesize=12",0,"search","https://ao.com/l/cables_&_adapters/1/250-261-267/"
"5ccc63e69be2ab20a313ed5a","Blenders & Soup Makers","ao.com",12,"https://ao.com/l/blenders_and_soup_makers/1/55-92-133/?page=12&sort=-top5productaward,-numbersold,aol_saleincvat&pagesize=12",6,"search","https://ao.com/l/blenders_and_soup_makers/1/55-92-133/"
"5ccc63e69be2ab20a313ed5b","Food Mixers","ao.com",12,"https://ao.com/l/food_mixers/1/55-92-128-69/?page=12&sort=-top5productaward,-numbersold,aol_saleincvat&pagesize=12",5,"search","https://ao.com/l/food_mixers/1/55-92-128-69/"
"5ccc63e69be2ab20a313ed5c","Food Mixer Attachments","ao.com",12,"https://ao.com/l/food_mixer_attachments/1/55-92-128-134/?page=12&sort=-top5productaward,-numbersold,aol_saleincvat&pagesize=12",0,"search","https://ao.com/l/food_mixer_attachments/1/55-92-128-134/"
"5ccc63e69be2ab20a313ed5d","Choppers & Grinders","ao.com",6,,0,"search","https://ao.com/l/choppers_and_grinders/1/55-92-74/"
"5ccc63e69be2ab20a313ed5e","Mini ovens & Hobs","ao.com",8,,0,"search","https://ao.com/l/mini_ovens_and_hobs/1/55-94-87/"
"5ccc63e69be2ab20a313ed5f","Bread Makers","ao.com",10,,0,"search","https://ao.com/l/bread_makers/1/55-94-96/"
"5ccc63e69be2ab20a313ed61","Steamers","ao.com",9,,0,"search","https://ao.com/l/steamers/1/55-94-98/"
"5ccc63e69be2ab20a313ed62","Fryers","ao.com",13,"https://ao.com/l/fryers/1/55-94-97/?page=12&sort=-top5productaward,-numbersold,aol_saleincvat&pagesize=12",0,"search","https://ao.com/l/fryers/1/55-94-97/"
"5ccc63e69be2ab20a313ed64","Toasters","ao.com",12,"https://ao.com/l/toasters/1/55-106-79/?page=12&sort=-top5productaward,-numbersold,aol_saleincvat&pagesize=12",15,"search","https://ao.com/l/toasters/1/55-106-79/"
"5ccc63e69be2ab20a313ed65","Irons","ao.com",12,"https://ao.com/l/irons/1/55-102-76/?page=12&sort=-top5productaward,-numbersold,aol_saleincvat&pagesize=12",5,"search","https://ao.com/l/irons/1/55-102-76/"
"5ccc63e69be2ab20a313ed67","Electric Blankets","ao.com",4,,0,"search","https://ao.com/l/electric_blankets/1/55-143-151/"
"5ccc63e69be2ab20a313ed68","Radiators","ao.com",13,"https://ao.com/l/radiators/1/55-143-153/?page=12&sort=-top5productaward,-numbersold,aol_saleincvat&pagesize=12",0,"search","https://ao.com/l/radiators/1/55-143-153/"
"5ccc63e69be2ab20a313ed69","Heaters","ao.com",12,"https://ao.com/l/heaters/1/55-143-152/?page=12&sort=-top5productaward,-numbersold,aol_saleincvat&pagesize=12",0,"search","https://ao.com/l/heaters/1/55-143-152/"
"5ccc63e69be2ab20a313ed6b","Sage The Barista Pro Coffee Machines","ao.com",2,,0,"search","https://ao.com/l/coffee_machines-sage-the_barista_pro/1-6-7/55-63/?WT.ac=MegaMenu|SmallAppliances|MegaMenu|2|SageBaristaProLaunch|awareness"
"5ccc63e69be2ab20a313ed6d","Electric Double Ovens","ao.com",12,"https://ao.com/l/electric_double_ovens/1/42-46-48/?page=12&sort=-top5productaward,-numbersold,aol_saleincvat&pagesize=12",9,"search","https://ao.com/l/electric_double_ovens/1/42-46-48/"
"5ccc63e69be2ab20a313ed6e","Gas Double Ovens","ao.com",10,,0,"search","https://ao.com/l/gas_double_ovens/1/42-46-47/"
"5ccc63e69be2ab20a313ed6f","Electric Single Ovens","ao.com",13,"https://ao.com/l/electric_single_ovens/1/42-43-45/?page=12&sort=-top5productaward,-numbersold,aol_saleincvat&pagesize=12",28,"search","https://ao.com/l/electric_single_ovens/1/42-43-45/"
"5ccc63e69be2ab20a313ed70","Gas Single Ovens","ao.com",12,"https://ao.com/l/gas_single_ovens/1/42-43-44/?page=12&sort=-top5productaward,-numbersold,aol_saleincvat&pagesize=12",0,"search","https://ao.com/l/gas_single_ovens/1/42-43-44/"
"5ccc63e69be2ab20a313ed71","Built In, Built Under Gas Double Ovens","ao.com",10,,0,"search","https://ao.com/l/gas_double_ovens-built_in--or--built_under/1-9/42-46-47/"
"5ccc63e69be2ab20a313ed72","Warming Drawers","ao.com",12,"https://ao.com/l/warming_drawers/1/42-51/?page=12&sort=-top5productaward,-numbersold,aol_saleincvat&pagesize=12",0,"search","https://ao.com/l/warming_drawers/1/42-51/"
"5ccc63e69be2ab20a313ed73","Single Ovens - height of 40.0 - 50.0","ao.com",12,"https://ao.com/l/single_ovens-40_50_cm_high/1-25/42-43/?page=12&sort=-top5productaward,-numbersold,aol_saleincvat&pagesize=12",4,"search","https://ao.com/l/single_ovens-40_50_cm_high/1-25/42-43/"
"5ccc63e69be2ab20a313ed74","Steam Ovens","ao.com",13,"https://ao.com/l/steam_ovens/1/42-49/?page=12&sort=-top5productaward,-numbersold,aol_saleincvat&pagesize=12",0,"search","https://ao.com/l/steam_ovens/1/42-49/"
"5ccc63e69be2ab20a313ed75","Ovens","ao.com",12,"https://ao.com/l/ovens-pyrolytic_self_cleaning/1-90/42/?page=12&sort=-top5productaward,-numbersold,aol_saleincvat&pagesize=12",10,"search","https://ao.com/l/ovens-pyrolytic_self_cleaning/1-90/42/"
"5ccc63e69be2ab20a313ed76","Electric Range Cookers","ao.com",13,"https://ao.com/l/electric_range_cookers/1/13-15/?page=12&sort=-top5productaward,-numbersold,aol_saleincvat&pagesize=12",27,"search","https://ao.com/l/electric_range_cookers/1/13-15/"
"5ccc63e69be2ab20a313ed77","Gas Range Cookers","ao.com",12,"https://ao.com/l/gas_range_cookers/1/13-14/?page=12&sort=-top5productaward,-numbersold,aol_saleincvat&pagesize=12",7,"search","https://ao.com/l/gas_range_cookers/1/13-14/"
"5ccc63e69be2ab20a313ed78","Dual Fuel Range Cookers","ao.com",13,"https://ao.com/l/dual_fuel_range_cookers/1/13-16/?page=12&sort=-top5productaward,-numbersold,aol_saleincvat&pagesize=12",29,"search","https://ao.com/l/dual_fuel_range_cookers/1/13-16/"
"5ccc63e69be2ab20a313ed79","Microwaves with Standard Microwave Oven functions","ao.com",12,"https://ao.com/l/microwaves-free_standing-standard_microwave_oven/1-9-85/42-50/?page=12&sort=-top5productaward,-numbersold,aol_saleincvat&pagesize=12",11,"search","https://ao.com/l/microwaves-free_standing-standard_microwave_oven/1-9-85/42-50/"
"5ccc63e69be2ab20a313ed7b","Microwaves with Microwave With Grill functions","ao.com",12,"https://ao.com/l/microwaves-microwave_with_grill/1-85/42-50/?page=12&sort=-top5productaward,-numbersold,aol_saleincvat&pagesize=12",6,"search","https://ao.com/l/microwaves-microwave_with_grill/1-85/42-50/"
"5ccc63e69be2ab20a313ed7c","Microwaves , 20.0 - 30.0 cm high","ao.com",12,"https://ao.com/l/microwaves-20_30_cm_high/1-25/42-50/?page=12&sort=-top5productaward,-numbersold,aol_saleincvat&pagesize=12",11,"search","https://ao.com/l/microwaves-20_30_cm_high/1-25/42-50"
"5ccc63e69be2ab20a313ed7d","Microwaves with Microwave With Grill functions","ao.com",12,"https://ao.com/l/microwaves-free_standing-microwave_with_grill/1-9-85/42-50/?page=12&sort=-top5productaward,-numbersold,aol_saleincvat&pagesize=12",0,"search","https://ao.com/l/microwaves-free_standing-microwave_with_grill/1-9-85/42-50/"
"5ccc63e69be2ab20a313ed7f","American Fridge Freezers","ao.com",12,"https://ao.com/l/american_fridge_freezers/1/26-27/?page=12&sort=-top5productaward,-numbersold,aol_saleincvat&pagesize=12",14,"search","https://ao.com/l/american_fridge_freezers/1/26-27/"
"5ccc63e69be2ab20a313ed80","American Fridge Freezers","ao.com",12,"https://ao.com/l/american_fridge_freezers-water--or--water_and_ice/1-81/26-27/?page=12&sort=-top5productaward,-numbersold,aol_saleincvat&pagesize=12",9,"search","https://ao.com/l/american_fridge_freezers-water_and_ice--or--water/1-81/26-27/"
"5ccc63e69be2ab20a313ed81","American Fridge Freezers","ao.com",12,"https://ao.com/l/american_fridge_freezers-3068/1-20/26-27/?page=12&sort=-top5productaward,-numbersold,aol_saleincvat&pagesize=12",6,"search","https://ao.com/l/american_fridge_freezers-3068/1-20/26-27/"
"5ccc63e69be2ab20a313ed82","American Fridge Freezers No Plumbing Required","ao.com",12,"https://ao.com/l/american_fridge_freezers-no_plumbing_required/1-79/26-27/?page=12&sort=-top5productaward,-numbersold,aol_saleincvat&pagesize=12",9,"search","https://ao.com/l/american_fridge_freezers-no_plumbing_required/1-79/26-27/"
"5ccc63e69be2ab20a313ed83","Samsung American Fridge Freezers","ao.com",12,"https://ao.com/l/american_fridge_freezers-samsung/1-6/26-27/?page=12&sort=-top5productaward,-numbersold,aol_saleincvat&pagesize=12",0,"search","https://ao.com/l/american_fridge_freezers-samsung/1-6/26-27/"
"5ccc63e69be2ab20a313ed84","Built In and Integrated Fridge Freezers","ao.com",12,"https://ao.com/l/fridge_freezers-built_in/1-9/26-28/?page=12&sort=-top5productaward,-numbersold,aol_saleincvat&pagesize=12",9,"search","https://ao.com/l/fridge_freezers-built_in/1-9/26-28/"
"5ccc63e69be2ab20a313ed85","Cooker Hoods","ao.com",13,"https://ao.com/l/cooker_hoods/1/3/?page=12&sort=-top5productaward,-numbersold,aol_saleincvat&pagesize=12",47,"search","https://ao.com/l/cooker_hoods/1/3/"
"5ccc63e69be2ab20a313ed86","Induction Hobs","ao.com",12,"https://ao.com/l/induction_hobs/1/36-37-39/?page=12&sort=-top5productaward,-numbersold,aol_saleincvat&pagesize=12",14,"search","https://ao.com/l/induction_hobs/1/36-37-39/"
"5ccc63e69be2ab20a313ed87","Gas Hobs","ao.com",13,"https://ao.com/l/gas_hobs/1/36-41/?page=12&sort=-top5productaward,-numbersold,aol_saleincvat&pagesize=12",21,"search","https://ao.com/l/gas_hobs/1/36-41/"
"5ccc63e69be2ab20a313ed8c","Fridges Under Counter Fridges","ao.com",13,"https://ao.com/l/fridges-free_standing-height_less_than_90_cm/1-9-25/29-30/?page=12&sort=-top5productaward,-numbersold,aol_saleincvat&pagesize=12",8,"search","https://ao.com/l/fridges-free_standing-height_less_than_90_cm/1-9-25/29-30/"
"5ccc63e69be2ab20a313ed96","Built Under, Free Standing Refrigerators - height of less than 90.0","ao.com",13,"https://ao.com/l/refrigerators-built_under--or--free_standing-height_less_than_90_cm/1-9-25/29/?page=12&sort=-top5productaward,-numbersold,aol_saleincvat&pagesize=12",13,"search","https://ao.com/l/refrigerators-built_under--or--free_standing-height_less_than_90_cm/1-9-25/29/"
"5ccc63e69be2ab20a313ed97","Fridges","ao.com",12,"https://ao.com/l/fridges-built_under/1-9/29-30/?page=12&sort=-top5productaward,-numbersold,aol_saleincvat&pagesize=12",0,"search","https://ao.com/l/fridges-built_under/1-9/29-30/"
"5ccc63e69be2ab20a313ed99","Built In and Integrated Wine Coolers","ao.com",10,,0,"search","https://ao.com/l/wine_coolers-built_in-width_less_than_55_cm/1-9-26/29-31/"
"5ccc63e69be2ab20a313ed9a","Electric Cookers","ao.com",13,"https://ao.com/l/electric_cookers/1/9-11/?page=12&sort=-top5productaward,-numbersold,aol_saleincvat&pagesize=12",14,"search","https://ao.com/l/electric_cookers/1/9-11/"
"5ccc63e69be2ab20a313ed9c","Dual Fuel Cookers","ao.com",12,"https://ao.com/l/dual_fuel_cookers/1/9-12/?page=12&sort=-top5productaward,-numbersold,aol_saleincvat&pagesize=12",0,"search","https://ao.com/l/dual_fuel_cookers/1/9-12/"
"5ccc63e69be2ab20a313ed9e","Dishwashers","ao.com",12,"https://ao.com/l/dishwashers/1/21/?page=12&sort=-top5productaward,-numbersold,aol_saleincvat&pagesize=12",27,"search","https://ao.com/l/dishwashers/1/21/"
"5ccc63e69be2ab20a313ed9f","Standard Dishwashers","ao.com",13,"https://ao.com/l/standard_dishwashers-free_standing/1-9/21-23/?page=12&sort=-top5productaward,-numbersold,aol_saleincvat&pagesize=12",11,"search","https://ao.com/l/standard_dishwashers-free_standing/1-9/21-23/"
"5ccc63e69be2ab20a313eda1","Slimline Dishwashers","ao.com",12,"https://ao.com/l/slimline_dishwashers-free_standing/1-9/21-24/?page=12&sort=-top5productaward,-numbersold,aol_saleincvat&pagesize=12",4,"search","https://ao.com/l/slimline_dishwashers-free_standing/1-9/21-24/"
"5ccc63e69be2ab20a313eda2","Built In and Integrated Slimline Dishwashers","ao.com",12,"https://ao.com/l/slimline_dishwashers-built_in/1-9/21-24/?page=12&sort=-top5productaward,-numbersold,aol_saleincvat&pagesize=12",0,"search","https://ao.com/l/slimline_dishwashers-built_in/1-9/21-24/"
"5ccc63e69be2ab20a313eda4","Table Top Dishwashers","ao.com",3,,0,"search","https://ao.com/l/table_top_dishwashers/1/21-25/"
"5ccc63e69be2ab20a313eda5","Built In and Integrated Standard Dishwashers","ao.com",12,"https://ao.com/l/standard_dishwashers-built_in/1-9/21-23/?page=12&sort=-top5productaward,-numbersold,aol_saleincvat&pagesize=12",11,"search","https://ao.com/l/standard_dishwashers-built_in/1-9/21-23/"
"5ccc63e69be2ab20a313eda6","Built In, Built Under Dishwashers priced £299 or more","ao.com",12,"https://ao.com/l/dishwashers-built_in--or--built_under-priced_more_than_299/1-9-23/21/?page=12&sort=-top5productaward,-numbersold,aol_saleincvat&pagesize=12",12,"search","https://ao.com/l/dishwashers-built_in--or--built_under-priced_more_than_299/1-9-23/21/?WT.ac=MegaMenu|Dishwashers|MegaMenu|2|20Off299BuiltInCode|offer"
"5ccc63e69be2ab20a313eda8","Built In and Integrated Washing Machines","ao.com",12,"https://ao.com/l/washing_machines-built_in/1-9/1/?page=12&sort=-top5productaward,-numbersold,aol_saleincvat&pagesize=12",4,"search","https://ao.com/l/washing_machines-built_in/1-9/1/"
"5ccc63e69be2ab20a313eda9","Washing Machines that are priced £299 or more","ao.com",12,"https://ao.com/l/washing_machines-built_in--or--built_under-priced_more_than_299/1-9-23/1/?page=12&sort=-top5productaward,-numbersold,aol_saleincvat&pagesize=12",4,"search","https://ao.com/l/washing_machines-built_in--or--built_under-priced_more_than_299/1-9-23/1/?WT.ac=MegaMenu|Laundry|MegaMenu|2|20Off299BuiltInCode|offer"
"5ccc63e69be2ab20a313edaa","Upright Vacuum Cleaners","ao.com",12,"https://ao.com/l/upright_vacuum_cleaners/1/127-57-60/?page=12&sort=-top5productaward,-numbersold,aol_saleincvat&pagesize=12",4,"search","https://ao.com/l/upright_vacuum_cleaners/1/127-57-60/"
"5ccc63e69be2ab20a313edac","Cordless Vacuum Cleaners","ao.com",12,"https://ao.com/l/cordless_vacuum_cleaners/1/127-57-155/?page=12&sort=-top5productaward,-numbersold,aol_saleincvat&pagesize=12",7,"search","https://ao.com/l/cordless_vacuum_cleaners/1/127-57-155/"
"5ccc63e69be2ab20a313edad","Steam Cleaners","ao.com",1,,0,"search","https://ao.com/l/steam_cleaners/1/127-89-62/"
"5ccc63e69be2ab20a313edae","Steam Mops","ao.com",12,"https://ao.com/l/steam_mops/1/127-89-61/?page=12&sort=-top5productaward,-numbersold,aol_saleincvat&pagesize=12",0,"search","https://ao.com/l/steam_mops/1/127-89-61/"
"5ccc63e69be2ab20a313edb0","Vacuum Accessories","ao.com",12,"https://ao.com/l/vacuum_accessories/1/127-57-156/?page=12&sort=-top5productaward,-numbersold,aol_saleincvat&pagesize=12",4,"search","https://ao.com/l/vacuum_accessories/1/127-57-156/"
"5ccc63e69be2ab20a313edb2","Carpet Cleaners","ao.com",10,,0,"search","https://ao.com/l/carpet_cleaners/1/127-157-91/"
"5ccc63e69be2ab20a313edb4","Hard Floor Cleaners","ao.com",1,,0,"search","https://ao.com/l/hard_floor_cleaners/1/127-157-159/"
"5ccc63e69be2ab20a313edb5","Steam Cleaners And Steam Mops","ao.com",12,"https://ao.com/l/steam_cleaners_and_steam_mops/1/127-89/?page=12&sort=-top5productaward,-numbersold,aol_saleincvat&pagesize=12",0,"search","https://ao.com/l/steam_cleaners_and_steam_mops/1/127-89/"
"5ccc63e69be2ab20a313edb6","Smart Speakers","ao.com",12,,0,"search","https://ao.com/l/smart_speakers/1/295-301"
"5ccc63e69be2ab20a313edb7","Get a great deal on Google Home Smart Speakers","ao.com",7,,0,"search","https://ao.com/l/smart_speakers-google/1-6/295-301/"
"5ccc63e69be2ab20a313edb8","Get a great deal on Apple Home Pod Smart Speakers","ao.com",2,,0,"search","https://ao.com/l/smart_speakers-apple/1-6/295-301/"
"5ccc63e69be2ab20a313edba","Smart Home Security Cameras","ao.com",12,"https://ao.com/l/smart_home_security_cameras/1/295-300-327/?page=12&sort=-top5productaward,-numbersold,aol_saleincvat&pagesize=12",6,"search","https://ao.com/l/smart_home_security_cameras/1/295-300-327"
"5ccc63e69be2ab20a313edbb","Smart Doorbells","ao.com",12,"https://ao.com/l/smart_doorbells/1/295-300-331/?page=12&sort=-top5productaward,-numbersold,aol_saleincvat&pagesize=12",0,"search","https://ao.com/l/smart_doorbells/1/295-300-331"
"5ccc63e69be2ab20a313edbc","Smart Alarms","ao.com",3,,0,"search","https://ao.com/l/smart_alarms/1/295-300-328/"
"5ccc63e69be2ab20a313edbd","Smart Sensors","ao.com",8,,0,"search","https://ao.com/l/smart_sensors/1/295-300-329"
"5ccc63e69be2ab20a313edbe","Smart Power Adapters","ao.com",3,,0,"search","https://ao.com/l/smart_power_adapters/1/295-300-330"
"5ccc63e69be2ab20a313edc0","Philips Hue Smart Lighting","ao.com",13,"https://ao.com/l/smart_lighting-philips_hue/1-6/295-298/?page=12&sort=-top5productaward,-numbersold,aol_saleincvat&pagesize=12",6,"search","https://ao.com/l/smart_lighting-philips_hue/1-6/295-298/"
"5ccc63e69be2ab20a313edc1","Hive Smart Lighting","ao.com",13,"https://ao.com/l/smart_lighting-hive/1-6/295-298/?page=12&sort=-top5productaward,-numbersold,aol_saleincvat&pagesize=12",0,"search","https://ao.com/l/smart_lighting-hive/1-6/295-298/"
"5ccc63e69be2ab20a313edc2","TP-Link Smart Lighting","ao.com",7,,0,"search","https://ao.com/l/smart_lighting-tp2dlink/1-6/295-298/"
"5ccc63e69be2ab20a313edc3","Smart Thermostats","ao.com",12,"https://ao.com/l/smart_thermostats/1/295-297-318/?page=12&sort=-top5productaward,-numbersold,aol_saleincvat&pagesize=12",0,"search","https://ao.com/l/smart_thermostats/1/295-297-318/"
"5ccc63e69be2ab20a313edd2","Apple iPhone XS, iPhone XS Max Mobile Phones","ao.com",12,"https://ao.com/l/mobile_phones-apple-iphone_xs--or--iphone_xs_max/1-6-7/304-305/?page=12&sort=-top5productaward,-numbersold,aol_saleincvat&pagesize=12",0,"search","https://ao.com/l/mobile_phones-apple-iphone_xs--or--iphone_xs_max/1-6-7/304-305/"
"5ccc63e69be2ab20a313edd3","Apple iPhone 8, iPhone 8 Plus Mobile Phones","ao.com",12,,0,"search","https://ao.com/l/mobile_phones-apple-iphone_8--or--iphone_8_plus/1-6-7/304-305/"
"5ccc63e69be2ab20a313edd4","Samsung Galaxy S10 Series Mobile Phones","ao.com",12,"https://ao.com/l/mobile_phones-samsung-galaxy_s10_series/1-6-7/304-305/?page=12&sort=-top5productaward,-numbersold,aol_saleincvat&pagesize=12",0,"search","https://ao.com/l/mobile_phones-samsung-galaxy_s10_series/1-6-7/304-305/"
"5ccc63e69be2ab20a313edd5","Samsung Galaxy S9 Series Mobile Phones","ao.com",3,,0,"search","https://ao.com/l/mobile_phones-samsung-galaxy_s9_series/1-6-7/304-305/"
"5ccc63e69be2ab20a313edd6","Samsung Mobile Phones","ao.com",12,"https://ao.com/l/mobile_phones-samsung/1-6/304-305/?page=12&sort=-top5productaward,-numbersold,aol_saleincvat&pagesize=12",0,"search","https://ao.com/l/mobile_phones-samsung/1-6/304-305/"
"5ccc63e69be2ab20a313edd8","Huawei P20 Mobile Phones","ao.com",3,,0,"search","https://ao.com/l/mobile_phones-huawei-p_/1-6-7/304-305/"
"5ccc63e69be2ab20a313edda","Sony Mobile Phones","ao.com",8,,0,"search","https://ao.com/l/mobile_phones-sony/1-6/304-305/"
"5ccc63e69be2ab20a313eddb","Nokia Mobile Phones","ao.com",12,"https://ao.com/l/mobile_phones-nokia/1-6/304-305/?page=12&sort=-top5productaward,-numbersold,aol_saleincvat&pagesize=12",0,"search","https://ao.com/l/mobile_phones-nokia/1-6/304-305/"
"5ccc63e69be2ab20a313eddc","LG Mobile Phones","ao.com",4,,0,"search","https://ao.com/l/mobile_phones-lg/1-6/304-305/"
"5ccc63e69be2ab20a313eddd","Honor Mobile Phones","ao.com",12,"https://ao.com/l/mobile_phones-honor/1-6/304-305/?page=12&sort=-top5productaward,-numbersold,aol_saleincvat&pagesize=12",0,"search","https://ao.com/l/mobile_phones-honor/1-6/304-305/"
"5ccc63e69be2ab20a313edde","Mobile Accessories","ao.com",13,"https://ao.com/l/mobile_accessories/1/304-306/?page=12&sort=-top5productaward,-numbersold,aol_saleincvat&pagesize=12",0,"search","https://ao.com/l/mobile_accessories/1/304-306/"
"5ccc63e69be2ab20a313eddf","Mobile Accessories","ao.com",6,,0,"search","https://ao.com/l/mobile_accessories-cases--or--screen_protectors/1-222/304-306/"
"5ccc63e69be2ab20a313ede0","Mobile Accessories","ao.com",5,,0,"search","https://ao.com/l/mobile_accessories-cables/1-222/304-306/"
"5ccc63e69be2ab20a313ede1","Mobile Accessories","ao.com",10,,0,"search","https://ao.com/l/mobile_accessories-powerbank/1-222/304-306/"
"5ccc63e69be2ab20a313ede2","Mobile Accessories","ao.com",2,,0,"search","https://ao.com/l/mobile_accessories-headphones/1-222/304-306/"
"5ccc63e69be2ab20a313ede3","Mobile Accessories","ao.com",8,,0,"search","https://ao.com/l/mobile_accessories-docks_26_adaptors/1-222/304-306/"
"5ccc63e69be2ab20a313ede4","Mobile Accessories","ao.com",2,,0,"search","https://ao.com/l/mobile_accessories-car_mounts_26_chargers/1-222/304-306/"
"5ccc63e69be2ab20a313ede5","Mobile Phones","ao.com",13,"https://ao.com/l/mobile_phones/1/304-305/?page=12&sort=-top5productaward,-numbersold,aol_saleincvat&pagesize=12",15,"search","https://ao.com/l/mobile_phones/1/304-305/"
"5ccc63e69be2ab20a313ede6","Condenser Tumble Dryers","ao.com",12,"https://ao.com/l/condenser_tumble_dryers/1/17-18/?page=12&sort=-top5productaward,-numbersold,aol_saleincvat&pagesize=12",5,"search","https://ao.com/l/condenser_tumble_dryers/1/17-18/"
"5ccc63e69be2ab20a313ede7","Vented Tumble Dryers","ao.com",12,"https://ao.com/l/vented_tumble_dryers/1/17-19/?page=12&sort=-top5productaward,-numbersold,aol_saleincvat&pagesize=12",0,"search","https://ao.com/l/vented_tumble_dryers/1/17-19/"
"5ccc63e69be2ab20a313ede8","Tumble Dryers with Heat Pump","ao.com",12,"https://ao.com/l/tumble_dryers-987/1-20/17/?page=12&sort=-top5productaward,-numbersold,aol_saleincvat&pagesize=12",6,"search","https://ao.com/l/tumble_dryers-987/1-20/17/"
"5ccc63e69be2ab20a313ede9","Tumble Dryers","ao.com",12,"https://ao.com/l/tumble_dryers/1/17/?page=12&sort=aol_saleincvat&pagesize=12",12,"search","https://ao.com/l/tumble_dryers/1/17/?sort=aol_saleincvat"
"5ccc63e69be2ab20a313edea","Free Standing Washer Dryers","ao.com",13,"https://ao.com/l/washer_dryers-free_standing/1-9/2/?page=12&sort=-top5productaward,-numbersold,aol_saleincvat&pagesize=12",7,"search","https://ao.com/l/washer_dryers-free_standing/1-9/2/"
"5ccc63e69be2ab20a313edeb","Built In and Integrated Washer Dryers","ao.com",12,"https://ao.com/l/washer_dryers-built_in/1-9/2/?page=12&sort=-top5productaward,-numbersold,aol_saleincvat&pagesize=12",0,"search","https://ao.com/l/washer_dryers-built_in/1-9/2/"
"5ccc63e69be2ab20a313edec","Garden","ao.com",12,"https://ao.com/l/garden/1/344-345/?page=12&sort=-top5productaward,-numbersold,aol_saleincvat&pagesize=12",5,"search","https://ao.com/l/garden/1/344-345/"
"5ccc63e69be2ab20a313eded","DIY","ao.com",12,"https://ao.com/l/diy/1/344-369/?page=12&sort=-top5productaward,-numbersold,aol_saleincvat&pagesize=12",0,"search","https://ao.com/l/diy/1/344-369/"
"5ccc63e69be2ab20a313edee","Action Cameras","ao.com",5,,0,"search","https://ao.com/l/action_cameras/1/310-311/"
